IT総合学部,*,*,2000,名詞,名詞,一般,*,*,*,IT総合学部,ITソウゴウガクブ,ITソウゴウガクブ
アジア太平洋学部,*,*,2000,名詞,名詞,一般,*,*,*,アジア太平洋学部,アジアタイヘイヨウガクブ,アジアタイヘイヨウガクブ
アジア太平洋マネジメント学部,*,*,2000,名詞,名詞,一般,*,*,*,アジア太平洋マネジメント学部,アジアタイヘイヨウマネジメントガクブ,アジアタイヘイヨウマネジメントガクブ
医学部,*,*,2000,名詞,名詞,一般,*,*,*,医学部,イガクブ,イガクブ
異文化コミュニケーション学部,*,*,2000,名詞,名詞,一般,*,*,*,異文化コミュニケーション学部,イブンカコミュニケーションガクブ,イブンカコミュニケーションガクブ
医用工学部,*,*,2000,名詞,名詞,一般,*,*,*,医用工学部,イヨウコウガクブ,イヨウコウガクブ
医療栄養学部,*,*,2000,名詞,名詞,一般,*,*,*,医療栄養学部,イリョウエイヨウガクブ,イリョウエイヨウガクブ
医療衛生学部,*,*,2000,名詞,名詞,一般,*,*,*,医療衛生学部,イリョウエイセイガクブ,イリョウエイセイガクブ
医療科学部,*,*,2000,名詞,名詞,一般,*,*,*,医療科学部,イリョウカガクブ,イリョウカガクブ
医療学部,*,*,2000,名詞,名詞,一般,*,*,*,医療学部,イリョウガクブ,イリョウガクブ
医療看護学部,*,*,2000,名詞,名詞,一般,*,*,*,医療看護学部,イリョウカンゴガクブ,イリョウカンゴガクブ
医療技術学部,*,*,2000,名詞,名詞,一般,*,*,*,医療技術学部,イリョウギジュツガクブ,イリョウギジュツガクブ
医療経営学部,*,*,2000,名詞,名詞,一般,*,*,*,医療経営学部,イリョウケイエイガクブ,イリョウケイエイガクブ
医療経営管理学部,*,*,2000,名詞,名詞,一般,*,*,*,医療経営管理学部,イリョウケイエイカンリガクブ,イリョウケイエイカンリガクブ
医療健康科学部,*,*,2000,名詞,名詞,一般,*,*,*,医療健康科学部,イリョウケンコウカガクブ,イリョウケンコウカガクブ
医療工学部,*,*,2000,名詞,名詞,一般,*,*,*,医療工学部,イリョウコウガクブ,イリョウコウガクブ
医療情報学部,*,*,2000,名詞,名詞,一般,*,*,*,医療情報学部,イリョウジョウホウガクブ,イリョウジョウホウガクブ
医療福祉学部,*,*,2000,名詞,名詞,一般,*,*,*,医療福祉学部,イリョウフクシガクブ,イリョウフクシガクブ
医療福祉工学部,*,*,2000,名詞,名詞,一般,*,*,*,医療福祉工学部,イリョウフクシコウガクブ,イリョウフクシコウガクブ
医療福祉マネジメント学部,*,*,2000,名詞,名詞,一般,*,*,*,医療福祉マネジメント学部,イリョウフクシマネジメントガクブ,イリョウフクシマネジメントガクブ
医療保健学部,*,*,2000,名詞,名詞,一般,*,*,*,医療保健学部,イリョウホケンガクブ,イリョウホケンガクブ
映画学部,*,*,2000,名詞,名詞,一般,*,*,*,映画学部,エイガガクブ,エイガガクブ
映像学部,*,*,2000,名詞,名詞,一般,*,*,*,映像学部,エイゾウガクブ,エイゾウガクブ
栄養科学部,*,*,2000,名詞,名詞,一般,*,*,*,栄養科学部,エイヨウカガクブ,エイヨウカガクブ
栄養学部,*,*,2000,名詞,名詞,一般,*,*,*,栄養学部,エイヨウガクブ,エイヨウガクブ
英語キャリア学部,*,*,2000,名詞,名詞,一般,*,*,*,英語キャリア学部,エイゴキャリアガクブ,エイゴキャリアガクブ
英語情報マネジメント学部,*,*,2000,名詞,名詞,一般,*,*,*,英語情報マネジメント学部,エイゴジョウホウマネジメントガクブ,エイゴジョウホウマネジメントガクブ
園芸学部,*,*,2000,名詞,名詞,一般,*,*,*,園芸学部,エンゲイガクブ,エンゲイガクブ
応用心理学部,*,*,2000,名詞,名詞,一般,*,*,*,応用心理学部,オウヨウシンリガクブ,オウヨウシンリガクブ
応用生物科学部,*,*,2000,名詞,名詞,一般,*,*,*,応用生物科学部,オウヨウセイブツカガクブ,オウヨウセイブツカガクブ
応用生物学部,*,*,2000,名詞,名詞,一般,*,*,*,応用生物学部,オウヨウセイブツガクブ,オウヨウセイブツガクブ
応用生命科学部,*,*,2000,名詞,名詞,一般,*,*,*,応用生命科学部,オウヨウセイメイカガクブ,オウヨウセイメイカガクブ
応用バイオ科学部,*,*,2000,名詞,名詞,一般,*,*,*,応用バイオ科学部,オウヨウバイオカガクブ,オウヨウバイオカガクブ
小田原保健医療学部,*,*,2000,名詞,名詞,一般,*,*,*,小田原保健医療学部,オダワラホケンイリョウガクブ,オダワラホケンイリョウガクブ
音楽学部,*,*,2000,名詞,名詞,一般,*,*,*,音楽学部,オンガクガクブ,オンガクガクブ
会計ファイナンス学部,*,*,2000,名詞,名詞,一般,*,*,*,会計ファイナンス学部,カイケイファイナンスガクブ,カイケイファイナンスガクブ
海事科学部,*,*,2000,名詞,名詞,一般,*,*,*,海事科学部,カイジカガクブ,カイジカガクブ
外国語学部,*,*,2000,名詞,名詞,一般,*,*,*,外国語学部,ガイコクゴガクブ,ガイコクゴガクブ
開発工学部,*,*,2000,名詞,名詞,一般,*,*,*,開発工学部,カイハツコウガクブ,カイハツコウガクブ
海洋科学部,*,*,2000,名詞,名詞,一般,*,*,*,海洋科学部,カイヨウカガクブ,カイヨウカガクブ
海洋学部,*,*,2000,名詞,名詞,一般,*,*,*,海洋学部,カイヨウガクブ,カイヨウガクブ
海洋工学部,*,*,2000,名詞,名詞,一般,*,*,*,海洋工学部,カイヨウコウガクブ,カイヨウコウガクブ
海洋資源環境学部,*,*,2000,名詞,名詞,一般,*,*,*,海洋資源環境学部,カイヨウシゲンカンキョウガクブ,カイヨウシゲンカンキョウガクブ
海洋生命科学部,*,*,2000,名詞,名詞,一般,*,*,*,海洋生命科学部,カイヨウセイメイカガクブ,カイヨウセイメイカガクブ
海洋生物資源学部,*,*,2000,名詞,名詞,一般,*,*,*,海洋生物資源学部,カイヨウセイブツシゲンガクブ,カイヨウセイブツシゲンガクブ
科学技術学部,*,*,2000,名詞,名詞,一般,*,*,*,科学技術学部,カガクギジュツガクブ,カガクギジュツガクブ
化学生命工学部,*,*,2000,名詞,名詞,一般,*,*,*,化学生命工学部,カガクセイメイコウガクブ,カガクセイメイコウガクブ
香川薬学部,*,*,2000,名詞,名詞,一般,*,*,*,香川薬学部,カガワヤクガクブ,カガワヤクガクブ
学芸学部,*,*,2000,名詞,名詞,一般,*,*,*,学芸学部,ガクゲイガクブ,ガクゲイガクブ
家政学部,*,*,2000,名詞,名詞,一般,*,*,*,家政学部,カセイガクブ,カセイガクブ
学校教育学部,*,*,2000,名詞,名詞,一般,*,*,*,学校教育学部,ガッコウキョウイクガクブ,ガッコウキョウイクガクブ
学校教師学部,*,*,2000,名詞,名詞,一般,*,*,*,学校教師学部,ガッコウキョウシガクブ,ガッコウキョウシガクブ
環境園芸学部,*,*,2000,名詞,名詞,一般,*,*,*,環境園芸学部,カンキョウエンゲイガクブ,カンキョウエンゲイガクブ
環境科学部,*,*,2000,名詞,名詞,一般,*,*,*,環境科学部,カンキョウカガクブ,カンキョウカガクブ
環境学部,*,*,2000,名詞,名詞,一般,*,*,*,環境学部,カンキョウガクブ,カンキョウガクブ
環境共生学部,*,*,2000,名詞,名詞,一般,*,*,*,環境共生学部,カンキョウキョウセイガクブ,カンキョウキョウセイガクブ
環境・建築学部,*,*,2000,名詞,名詞,一般,*,*,*,環境・建築学部,カンキョウ・ケンチクガクブ,カンキョウ・ケンチクガクブ
環境システム学部,*,*,2000,名詞,名詞,一般,*,*,*,環境システム学部,カンキョウシステムガクブ,カンキョウシステムガクブ
環境社会学部,*,*,2000,名詞,名詞,一般,*,*,*,環境社会学部,カンキョウシャカイガクブ,カンキョウシャカイガクブ
環境情報学部,*,*,2000,名詞,名詞,一般,*,*,*,環境情報学部,カンキョウジョウホウガクブ,カンキョウジョウホウガクブ
環境情報ビジネス学部,*,*,2000,名詞,名詞,一般,*,*,*,環境情報ビジネス学部,カンキョウジョウホウビジネスガクブ,カンキョウジョウホウビジネスガクブ
環境創造学部,*,*,2000,名詞,名詞,一般,*,*,*,環境創造学部,カンキョウソウゾウガクブ,カンキョウソウゾウガクブ
環境ツーリズム学部,*,*,2000,名詞,名詞,一般,*,*,*,環境ツーリズム学部,カンキョウツーリズムガクブ,カンキョウツーリズムガクブ
環境都市工学部,*,*,2000,名詞,名詞,一般,*,*,*,環境都市工学部,カンキョウトシコウガクブ,カンキョウトシコウガクブ
環境人間学部,*,*,2000,名詞,名詞,一般,*,*,*,環境人間学部,カンキョウニンゲンガクブ,カンキョウニンゲンガクブ
環境防災学部,*,*,2000,名詞,名詞,一般,*,*,*,環境防災学部,カンキョウボウサイガクブ,カンキョウボウサイガクブ
環境保健学部,*,*,2000,名詞,名詞,一般,*,*,*,環境保健学部,カンキョウホケンガクブ,カンキョウホケンガクブ
環境理工学部,*,*,2000,名詞,名詞,一般,*,*,*,環境理工学部,カンキョウリコウガクブ,カンキョウリコウガクブ
看護医療学部,*,*,2000,名詞,名詞,一般,*,*,*,看護医療学部,カンゴイリョウガクブ,カンゴイリョウガクブ
看護栄養学部,*,*,2000,名詞,名詞,一般,*,*,*,看護栄養学部,カンゴエイヨウガクブ,カンゴエイヨウガクブ
看護学部,*,*,2000,名詞,名詞,一般,*,*,*,看護学部,カンゴガクブ,カンゴガクブ
看護福祉学部,*,*,2000,名詞,名詞,一般,*,*,*,看護福祉学部,カンゴフクシガクブ,カンゴフクシガクブ
看護福祉心理学部,*,*,2000,名詞,名詞,一般,*,*,*,看護福祉心理学部,カンゴフクシシンリガクブ,カンゴフクシシンリガクブ
看護リハビリテーション学部,*,*,2000,名詞,名詞,一般,*,*,*,看護リハビリテーション学部,カンゴリハビリテーションガクブ,カンゴリハビリテーションガクブ
観光学部,*,*,2000,名詞,名詞,一般,*,*,*,観光学部,カンコウガクブ,カンコウガクブ
観光産業科学部,*,*,2000,名詞,名詞,一般,*,*,*,観光産業科学部,カンコウサンギョウカガクブ,カンコウサンギョウカガクブ
観光ビジネス学部,*,*,2000,名詞,名詞,一般,*,*,*,観光ビジネス学部,カンコウビジネスガクブ,カンコウビジネスガクブ
観光文化学部,*,*,2000,名詞,名詞,一般,*,*,*,観光文化学部,カンコウブンカガクブ,カンコウブンカガクブ
観光メディア文化学部,*,*,2000,名詞,名詞,一般,*,*,*,観光メディア文化学部,カンコウメディアブンカガクブ,カンコウメディアブンカガクブ
感性デザイン学部,*,*,2000,名詞,名詞,一般,*,*,*,感性デザイン学部,カンセイデザインガクブ,カンセイデザインガクブ
管理栄養学部,*,*,2000,名詞,名詞,一般,*,*,*,管理栄養学部,カンリエイヨウガクブ,カンリエイヨウガクブ
基幹理工学部,*,*,2000,名詞,名詞,一般,*,*,*,基幹理工学部,キカンリコウガクブ,キカンリコウガクブ
危機管理学部,*,*,2000,名詞,名詞,一般,*,*,*,危機管理学部,キキカンリガクブ,キキカンリガクブ
企業情報学部,*,*,2000,名詞,名詞,一般,*,*,*,企業情報学部,キギョウジョウホウガクブ,キギョウジョウホウガクブ
基礎工学部,*,*,2000,名詞,名詞,一般,*,*,*,基礎工学部,キソコウガクブ,キソコウガクブ
技能工芸学部,*,*,2000,名詞,名詞,一般,*,*,*,技能工芸学部,ギノウコウゲイガクブ,ギノウコウゲイガクブ
基盤工学部,*,*,2000,名詞,名詞,一般,*,*,*,基盤工学部,キバンコウガクブ,キバンコウガクブ
キャリア形成学部,*,*,2000,名詞,名詞,一般,*,*,*,キャリア形成学部,キャリアケイセイガクブ,キャリアケイセイガクブ
キャリア実践学部,*,*,2000,名詞,名詞,一般,*,*,*,キャリア実践学部,キャリアジッセンガクブ,キャリアジッセンガクブ
キャリアデザイン学部,*,*,2000,名詞,名詞,一般,*,*,*,キャリアデザイン学部,キャリアデザインガクブ,キャリアデザインガクブ
九州工学部,*,*,2000,名詞,名詞,一般,*,*,*,九州工学部,キュウシュウコウガクブ,キュウシュウコウガクブ
教育学部,*,*,2000,名詞,名詞,一般,*,*,*,教育学部,キョウイクガクブ,キョウイクガクブ
教育地域学部,*,*,2000,名詞,名詞,一般,*,*,*,教育地域学部,キョウイクチイキガクブ,キョウイクチイキガクブ
教育地域科学部,*,*,2000,名詞,名詞,一般,*,*,*,教育地域科学部,キョウイクチイキカガクブ,キョウイクチイキカガクブ
教育人間科学部,*,*,2000,名詞,名詞,一般,*,*,*,教育人間科学部,キョウイクニンゲンカガクブ,キョウイクニンゲンカガクブ
教育福祉学部,*,*,2000,名詞,名詞,一般,*,*,*,教育福祉学部,キョウイクフクシガクブ,キョウイクフクシガクブ
教育福祉科学部,*,*,2000,名詞,名詞,一般,*,*,*,教育福祉科学部,キョウイクフクシカガクブ,キョウイクフクシカガクブ
教育文化学部,*,*,2000,名詞,名詞,一般,*,*,*,教育文化学部,キョウイクブンカガクブ,キョウイクブンカガクブ
共生科学部,*,*,2000,名詞,名詞,一般,*,*,*,共生科学部,キョウセイカガクブ,キョウセイカガクブ
行政社会学部,*,*,2000,名詞,名詞,一般,*,*,*,行政社会学部,ギョウセイシャカイガクブ,ギョウセイシャカイガクブ
共同獣医学部,*,*,2000,名詞,名詞,一般,*,*,*,共同獣医学部,キョウドウジュウイガクブ,キョウドウジュウイガクブ
教養学部,*,*,2000,名詞,名詞,一般,*,*,*,教養学部,キョウヨウガクブ,キョウヨウガクブ
金融経済学部,*,*,2000,名詞,名詞,一般,*,*,*,金融経済学部,キンユウケイザイガクブ,キンユウケイザイガクブ
空間創造学部,*,*,2000,名詞,名詞,一般,*,*,*,空間創造学部,クウカンソウゾウガクブ,クウカンソウゾウガクブ
グローバルエンジニアリング学部,*,*,2000,名詞,名詞,一般,*,*,*,グローバルエンジニアリング学部,グローバルエンジニアリングガクブ,グローバルエンジニアリングガクブ
グローバル教養学部,*,*,2000,名詞,名詞,一般,*,*,*,グローバル教養学部,グローバルキョウヨウガクブ,グローバルキョウヨウガクブ
グローバル・コミュニケーション学部,*,*,2000,名詞,名詞,一般,*,*,*,グローバル・コミュニケーション学部,グローバル・コミュニケーションガクブ,グローバル・コミュニケーションガクブ
グローバルスタディーズ学部,*,*,2000,名詞,名詞,一般,*,*,*,グローバルスタディーズ学部,グローバルスタディーズガクブ,グローバルスタディーズガクブ
グローバル地域文化学部,*,*,2000,名詞,名詞,一般,*,*,*,グローバル地域文化学部,グローバルチイキブンカガクブ,グローバルチイキブンカガクブ
グローバルビジネス学部,*,*,2000,名詞,名詞,一般,*,*,*,グローバルビジネス学部,グローバルビジネスガクブ,グローバルビジネスガクブ
グローバル・メディア・スタディーズ学部,*,*,2000,名詞,名詞,一般,*,*,*,グローバル・メディア・スタディーズ学部,グローバル・メディア・スタディーズガクブ,グローバル・メディア・スタディーズガクブ
経営学部,*,*,2000,名詞,名詞,一般,*,*,*,経営学部,ケイエイガクブ,ケイエイガクブ
経営教育学部,*,*,2000,名詞,名詞,一般,*,*,*,経営教育学部,ケイエイキョウイクガクブ,ケイエイキョウイクガクブ
経営経済学部,*,*,2000,名詞,名詞,一般,*,*,*,経営経済学部,ケイエイケイザイガクブ,ケイエイケイザイガクブ
経営情報学部,*,*,2000,名詞,名詞,一般,*,*,*,経営情報学部,ケイエイジョウホウガクブ,ケイエイジョウホウガクブ
経営政策学部,*,*,2000,名詞,名詞,一般,*,*,*,経営政策学部,ケイエイセイサクガクブ,ケイエイセイサクガクブ
経営文化学部,*,*,2000,名詞,名詞,一般,*,*,*,経営文化学部,ケイエイブンカガクブ,ケイエイブンカガクブ
経営法学部,*,*,2000,名詞,名詞,一般,*,*,*,経営法学部,ケイエイホウガクブ,ケイエイホウガクブ
経済科学部,*,*,2000,名詞,名詞,一般,*,*,*,経済科学部,ケイザイカガクブ,ケイザイカガクブ
経済学部,*,*,2000,名詞,名詞,一般,*,*,*,経済学部,ケイザイガクブ,ケイザイガクブ
経済経営学部,*,*,2000,名詞,名詞,一般,*,*,*,経済経営学部,ケイザイケイエイガクブ,ケイザイケイエイガクブ
経済情報学部,*,*,2000,名詞,名詞,一般,*,*,*,経済情報学部,ケイザイジョウホウガクブ,ケイザイジョウホウガクブ
芸術学部,*,*,2000,名詞,名詞,一般,*,*,*,芸術学部,ゲイジュツガクブ,ゲイジュツガクブ
芸術地域デザイン学部,*,*,2000,名詞,名詞,一般,*,*,*,芸術地域デザイン学部,ゲイジュツチイキデザインガクブ,ゲイジュツチイキデザインガクブ
芸術工学部,*,*,2000,名詞,名詞,一般,*,*,*,芸術工学部,ゲイジュツコウガクブ,ゲイジュツコウガクブ
芸術情報学部,*,*,2000,名詞,名詞,一般,*,*,*,芸術情報学部,ゲイジュツジョウホウガクブ,ゲイジュツジョウホウガクブ
芸術文化学部,*,*,2000,名詞,名詞,一般,*,*,*,芸術文化学部,ゲイジュツブンカガクブ,ゲイジュツブンカガクブ
言語コミュニケーション学部,*,*,2000,名詞,名詞,一般,*,*,*,言語コミュニケーション学部,ゲンゴコミュニケーションガクブ,ゲンゴコミュニケーションガクブ
言語文化学部,*,*,2000,名詞,名詞,一般,*,*,*,言語文化学部,ゲンゴブンカガクブ,ゲンゴブンカガクブ
健康医療科学部,*,*,2000,名詞,名詞,一般,*,*,*,健康医療科学部,ケンコウイリョウカガクブ,ケンコウイリョウカガクブ
健康栄養学部,*,*,2000,名詞,名詞,一般,*,*,*,健康栄養学部,ケンコウエイヨウガクブ,ケンコウエイヨウガクブ
健康科学部,*,*,2000,名詞,名詞,一般,*,*,*,健康科学部,ケンコウカガクブ,ケンコウカガクブ
健康管理学部,*,*,2000,名詞,名詞,一般,*,*,*,健康管理学部,ケンコウカンリガクブ,ケンコウカンリガクブ
健康・スポーツ科学部,*,*,2000,名詞,名詞,一般,*,*,*,健康・スポーツ科学部,ケンコウ・スポーツカガクブ,ケンコウ・スポーツカガクブ
健康生活学部,*,*,2000,名詞,名詞,一般,*,*,*,健康生活学部,ケンコウセイカツガクブ,ケンコウセイカツガクブ
健康福祉学部,*,*,2000,名詞,名詞,一般,*,*,*,健康福祉学部,ケンコウフクシガクブ,ケンコウフクシガクブ
健康プロデュース学部,*,*,2000,名詞,名詞,一般,*,*,*,健康プロデュース学部,ケンコウプロデュースガクブ,ケンコウプロデュースガクブ
健康メディカル学部,*,*,2000,名詞,名詞,一般,*,*,*,健康メディカル学部,ケンコウメディカルガクブ,ケンコウメディカルガクブ
現代家政学部,*,*,2000,名詞,名詞,一般,*,*,*,現代家政学部,ゲンダイカセイガクブ,ゲンダイカセイガクブ
現代教育学部,*,*,2000,名詞,名詞,一般,*,*,*,現代教育学部,ゲンダイキョウイクガクブ,ゲンダイキョウイクガクブ
現代教養学部,*,*,2000,名詞,名詞,一般,*,*,*,現代教養学部,ゲンダイキョウヨウガクブ,ゲンダイキョウヨウガクブ
現代経営学部,*,*,2000,名詞,名詞,一般,*,*,*,現代経営学部,ゲンダイケイエイガクブ,ゲンダイケイエイガクブ
現代国際学部,*,*,2000,名詞,名詞,一般,*,*,*,現代国際学部,ゲンダイコクサイガクブ,ゲンダイコクサイガクブ
現代コミュニケーション学部,*,*,2000,名詞,名詞,一般,*,*,*,現代コミュニケーション学部,ゲンダイコミュニケーションガクブ,ゲンダイコミュニケーションガクブ
現代社会学部,*,*,2000,名詞,名詞,一般,*,*,*,現代社会学部,ゲンダイシャカイガクブ,ゲンダイシャカイガクブ
現代心理学部,*,*,2000,名詞,名詞,一般,*,*,*,現代心理学部,ゲンダイシンリガクブ,ゲンダイシンリガクブ
現代生活学部,*,*,2000,名詞,名詞,一般,*,*,*,現代生活学部,ゲンダイセイカツガクブ,ゲンダイセイカツガクブ
現代政策学部,*,*,2000,名詞,名詞,一般,*,*,*,現代政策学部,ゲンダイセイサクガクブ,ゲンダイセイサクガクブ
現代中国学部,*,*,2000,名詞,名詞,一般,*,*,*,現代中国学部,ゲンダイチュウゴクガクブ,ゲンダイチュウゴクガクブ
現代日本社会学部,*,*,2000,名詞,名詞,一般,*,*,*,現代日本社会学部,ゲンダイニッポンシャカイガクブ,ゲンダイニッポンシャカイガクブ
現代人間学部,*,*,2000,名詞,名詞,一般,*,*,*,現代人間学部,ゲンダイニンゲンガクブ,ゲンダイニンゲンガクブ
現代ビジネス学部,*,*,2000,名詞,名詞,一般,*,*,*,現代ビジネス学部,ゲンダイビジネスガクブ,ゲンダイビジネスガクブ
現代福祉学部,*,*,2000,名詞,名詞,一般,*,*,*,現代福祉学部,ゲンダイフクシガクブ,ゲンダイフクシガクブ
現代文化学部,*,*,2000,名詞,名詞,一般,*,*,*,現代文化学部,ゲンダイブンカガクブ,ゲンダイブンカガクブ
現代法学部,*,*,2000,名詞,名詞,一般,*,*,*,現代法学部,ゲンダイホウガクブ,ゲンダイホウガクブ
現代マネジメント学部,*,*,2000,名詞,名詞,一般,*,*,*,現代マネジメント学部,ゲンダイマネジメントガクブ,ゲンダイマネジメントガクブ
現代ライフ学部,*,*,2000,名詞,名詞,一般,*,*,*,現代ライフ学部,ゲンダイライフガクブ,ゲンダイライフガクブ
建築学部,*,*,2000,名詞,名詞,一般,*,*,*,建築学部,ケンチクガクブ,ケンチクガクブ
建築・環境学部,*,*,2000,名詞,名詞,一般,*,*,*,建築・環境学部,ケンチク・カンキョウガクブ,ケンチク・カンキョウガクブ
公益学部,*,*,2000,名詞,名詞,一般,*,*,*,公益学部,コウエキガクブ,コウエキガクブ
工学資源学部,*,*,2000,名詞,名詞,一般,*,*,*,工学資源学部,コウガクシゲンガクブ,コウガクシゲンガクブ
工学部,*,*,2000,名詞,名詞,一般,*,*,*,工学部,コウガクブ,コウガクブ
公共政策学部,*,*,2000,名詞,名詞,一般,*,*,*,公共政策学部,コウキョウセイサクガクブ,コウキョウセイサクガクブ
工芸科学部,*,*,2000,名詞,名詞,一般,*,*,*,工芸科学部,コウゲイカガクブ,コウゲイカガクブ
工芸学部,*,*,2000,名詞,名詞,一般,*,*,*,工芸学部,コウゲイガクブ,コウゲイガクブ
交流文化学部,*,*,2000,名詞,名詞,一般,*,*,*,交流文化学部,コウリュウブンカガクブ,コウリュウブンカガクブ
国際英語学部,*,*,2000,名詞,名詞,一般,*,*,*,国際英語学部,コクサイエイゴガクブ,コクサイエイゴガクブ
国際・英語学部,*,*,2000,名詞,名詞,一般,*,*,*,国際・英語学部,コクサイ・エイゴガクブ,コクサイ・エイゴガクブ
国際開発学部,*,*,2000,名詞,名詞,一般,*,*,*,国際開発学部,コクサイカイハツガクブ,コクサイカイハツガクブ
国際学部,*,*,2000,名詞,名詞,一般,*,*,*,国際学部,コクサイガクブ,コクサイガクブ
国際環境工学部,*,*,2000,名詞,名詞,一般,*,*,*,国際環境工学部,コクサイカンキョウコウガクブ,コクサイカンキョウコウガクブ
国際関係学部,*,*,2000,名詞,名詞,一般,*,*,*,国際関係学部,コクサイカンケイガクブ,コクサイカンケイガクブ
国際観光学部,*,*,2000,名詞,名詞,一般,*,*,*,国際観光学部,コクサイカンコウガクブ,コクサイカンコウガクブ
国際教養学部,*,*,2000,名詞,名詞,一般,*,*,*,国際教養学部,コクサイキョウヨウガクブ,コクサイキョウヨウガクブ
国際経営学部,*,*,2000,名詞,名詞,一般,*,*,*,国際経営学部,コクサイケイエイガクブ,コクサイケイエイガクブ
国際経済学部,*,*,2000,名詞,名詞,一般,*,*,*,国際経済学部,コクサイケイザイガクブ,コクサイケイザイガクブ
国際言語学部,*,*,2000,名詞,名詞,一般,*,*,*,国際言語学部,コクサイゲンゴガクブ,コクサイゲンゴガクブ
国際言語文化学部,*,*,2000,名詞,名詞,一般,*,*,*,国際言語文化学部,コクサイゲンゴブンカガクブ,コクサイゲンゴブンカガクブ
国際交流学部,*,*,2000,名詞,名詞,一般,*,*,*,国際交流学部,コクサイコウリュウガクブ,コクサイコウリュウガクブ
国際こども教育学部,*,*,2000,名詞,名詞,一般,*,*,*,国際こども教育学部,コクサイコドモキョウイクガクブ,コクサイコドモキョウイクガクブ
国際コミュニケーション学部,*,*,2000,名詞,名詞,一般,*,*,*,国際コミュニケーション学部,コクサイコミュニケーションガクブ,コクサイコミュニケーションガクブ
国際社会学部,*,*,2000,名詞,名詞,一般,*,*,*,国際社会学部,コクサイシャカイガクブ,コクサイシャカイガクブ
国際情報学部,*,*,2000,名詞,名詞,一般,*,*,*,国際情報学部,コクサイジョウホウガクブ,コクサイジョウホウガクブ
国際食料情報学部,*,*,2000,名詞,名詞,一般,*,*,*,国際食料情報学部,コクサイショクリョウジョウホウガクブ,コクサイショクリョウジョウホウガクブ
国際人文学部,*,*,2000,名詞,名詞,一般,*,*,*,国際人文学部,コクサイジンブンガクブ,コクサイジンブンガクブ
国際政策学部,*,*,2000,名詞,名詞,一般,*,*,*,国際政策学部,コクサイセイサクガクブ,コクサイセイサクガクブ
国際政治経済学部,*,*,2000,名詞,名詞,一般,*,*,*,国際政治経済学部,コクサイセイジケイザイガクブ,コクサイセイジケイザイガクブ
国際総合科学部,*,*,2000,名詞,名詞,一般,*,*,*,国際総合科学部,コクサイソウゴウカガクブ,コクサイソウゴウカガクブ
国際地域学部,*,*,2000,名詞,名詞,一般,*,*,*,国際地域学部,コクサイチイキガクブ,コクサイチイキガクブ
国際日本学部,*,*,2000,名詞,名詞,一般,*,*,*,国際日本学部,コクサイニッポンガクブ,コクサイニッポンガクブ
国際人間科学部,*,*,2000,名詞,名詞,一般,*,*,*,国際人間科学部,コクサイニンゲンカガクブ,コクサイニンゲンカガクブ
国際人間学部,*,*,2000,名詞,名詞,一般,*,*,*,国際人間学部,コクサイニンゲンガクブ,コクサイニンゲンガクブ
国際福祉開発学部,*,*,2000,名詞,名詞,一般,*,*,*,国際福祉開発学部,コクサイフクシカイハツガクブ,コクサイフクシカイハツガクブ
国際文化学部,*,*,2000,名詞,名詞,一般,*,*,*,国際文化学部,コクサイブンカガクブ,コクサイブンカガクブ
国際文化交流学部,*,*,2000,名詞,名詞,一般,*,*,*,国際文化交流学部,コクサイブンカコウリュウガクブ,コクサイブンカコウリュウガクブ
国際文理学部,*,*,2000,名詞,名詞,一般,*,*,*,国際文理学部,コクサイブンリガクブ,コクサイブンリガクブ
子ども育成学部,*,*,2000,名詞,名詞,一般,*,*,*,子ども育成学部,コドモイクセイガクブ,コドモイクセイガクブ
子ども科学部,*,*,2000,名詞,名詞,一般,*,*,*,子ども科学部,コドモカガクブ,コドモカガクブ
こども学部,*,*,2000,名詞,名詞,一般,*,*,*,こども学部,コドモガクブ,コドモガクブ
子ども学部,*,*,2000,名詞,名詞,一般,*,*,*,子ども学部,コドモガクブ,コドモガクブ
こども教育学部,*,*,2000,名詞,名詞,一般,*,*,*,こども教育学部,コドモキョウイクガクブ,コドモキョウイクガクブ
子ども教育学部,*,*,2000,名詞,名詞,一般,*,*,*,子ども教育学部,コドモキョウイクガクブ,コドモキョウイクガクブ
こども心理学部,*,*,2000,名詞,名詞,一般,*,*,*,こども心理学部,コドモシンリガクブ,コドモシンリガクブ
子ども生活学部,*,*,2000,名詞,名詞,一般,*,*,*,子ども生活学部,コドモセイカツガクブ,コドモセイカツガクブ
こども発達学部,*,*,2000,名詞,名詞,一般,*,*,*,こども発達学部,コドモハッタツガクブ,コドモハッタツガクブ
子ども発達学部,*,*,2000,名詞,名詞,一般,*,*,*,子ども発達学部,コドモハッタツガクブ,コドモハッタツガクブ
子ども未来学部,*,*,2000,名詞,名詞,一般,*,*,*,子ども未来学部,コドモミライガクブ,コドモミライガクブ
コミュニケーション学部,*,*,2000,名詞,名詞,一般,*,*,*,コミュニケーション学部,コミュニケーションガクブ,コミュニケーションガクブ
コミュニケーション文化学部,*,*,2000,名詞,名詞,一般,*,*,*,コミュニケーション文化学部,コミュニケーションブンカガクブ,コミュニケーションブンカガクブ
コミュニティ振興学部,*,*,2000,名詞,名詞,一般,*,*,*,コミュニティ振興学部,コミュニティシンコウガクブ,コミュニティシンコウガクブ
コミュニティ政策学部,*,*,2000,名詞,名詞,一般,*,*,*,コミュニティ政策学部,コミュニティセイサクガクブ,コミュニティセイサクガクブ
コミュニティ福祉学部,*,*,2000,名詞,名詞,一般,*,*,*,コミュニティ福祉学部,コミュニティフクシガクブ,コミュニティフクシガクブ
コンピュータサイエンス学部,*,*,2000,名詞,名詞,一般,*,*,*,コンピュータサイエンス学部,コンピュータサイエンスガクブ,コンピュータサイエンスガクブ
コンピュータ理工学部,*,*,2000,名詞,名詞,一般,*,*,*,コンピュータ理工学部,コンピュータリコウガクブ,コンピュータリコウガクブ
サービス経営学部,*,*,2000,名詞,名詞,一般,*,*,*,サービス経営学部,サービスケイエイガクブ,サービスケイエイガクブ
サービス産業学部,*,*,2000,名詞,名詞,一般,*,*,*,サービス産業学部,サービスサンギョウガクブ,サービスサンギョウガクブ
サービス創造学部,*,*,2000,名詞,名詞,一般,*,*,*,サービス創造学部,サービスソウゾウガクブ,サービスソウゾウガクブ
産業科学技術学部,*,*,2000,名詞,名詞,一般,*,*,*,産業科学技術学部,サンギョウカガクギジュツガクブ,サンギョウカガクギジュツガクブ
産業技術学部,*,*,2000,名詞,名詞,一般,*,*,*,産業技術学部,サンギョウギジュツガクブ,サンギョウギジュツガクブ
産業工学部,*,*,2000,名詞,名詞,一般,*,*,*,産業工学部,サンギョウコウガクブ,サンギョウコウガクブ
産業社会学部,*,*,2000,名詞,名詞,一般,*,*,*,産業社会学部,サンギョウシャカイガクブ,サンギョウシャカイガクブ
産業情報学部,*,*,2000,名詞,名詞,一般,*,*,*,産業情報学部,サンギョウジョウホウガクブ,サンギョウジョウホウガクブ
産業保健学部,*,*,2000,名詞,名詞,一般,*,*,*,産業保健学部,サンギョウホケンガクブ,サンギョウホケンガクブ
産業理工学部,*,*,2000,名詞,名詞,一般,*,*,*,産業理工学部,サンギョウリコウガクブ,サンギョウリコウガクブ
歯学部,*,*,2000,名詞,名詞,一般,*,*,*,歯学部,シガクブ,シガクブ
事業構想学部,*,*,2000,名詞,名詞,一般,*,*,*,事業構想学部,ジギョウコウソウガクブ,ジギョウコウソウガクブ
システム科学技術学部,*,*,2000,名詞,名詞,一般,*,*,*,システム科学技術学部,システムカガクギジュツガクブ,システムカガクギジュツガクブ
システム工学部,*,*,2000,名詞,名詞,一般,*,*,*,システム工学部,システムコウガクブ,システムコウガクブ
システム情報科学部,*,*,2000,名詞,名詞,一般,*,*,*,システム情報科学部,システムジョウホウカガクブ,システムジョウホウカガクブ
システムデザイン学部,*,*,2000,名詞,名詞,一般,*,*,*,システムデザイン学部,システムデザインガクブ,システムデザインガクブ
システム理工学部,*,*,2000,名詞,名詞,一般,*,*,*,システム理工学部,システムリコウガクブ,システムリコウガクブ
シティライフ学部,*,*,2000,名詞,名詞,一般,*,*,*,シティライフ学部,シティライフガクブ,シティライフガクブ
次世代教育学部,*,*,2000,名詞,名詞,一般,*,*,*,次世代教育学部,ジセダイキョウイクガクブ,ジセダイキョウイクガクブ
児童学部,*,*,2000,名詞,名詞,一般,*,*,*,児童学部,ジドウガクブ,ジドウガクブ
児童保育学部,*,*,2000,名詞,名詞,一般,*,*,*,児童保育学部,ジドウホイクガクブ,ジドウホイクガクブ
社会安全学部,*,*,2000,名詞,名詞,一般,*,*,*,社会安全学部,シャカイアンゼンガクブ,シャカイアンゼンガクブ
社会イノベーション学部,*,*,2000,名詞,名詞,一般,*,*,*,社会イノベーション学部,シャカイイノベーションガクブ,シャカイイノベーションガクブ
社会科学部,*,*,2000,名詞,名詞,一般,*,*,*,社会科学部,シャカイカガクブ,シャカイカガクブ
社会学部,*,*,2000,名詞,名詞,一般,*,*,*,社会学部,シャカイガクブ,シャカイガクブ
社会環境学部,*,*,2000,名詞,名詞,一般,*,*,*,社会環境学部,シャカイカンキョウガクブ,シャカイカンキョウガクブ
社会共創学部,*,*,2000,名詞,名詞,一般,*,*,*,社会共創学部,シャカイドモソウガクブ,シャカイドモソウガクブ
社会システム科学部,*,*,2000,名詞,名詞,一般,*,*,*,社会システム科学部,シャカイシステムカガクブ,シャカイシステムカガクブ
社会情報学部,*,*,2000,名詞,名詞,一般,*,*,*,社会情報学部,シャカイジョウホウガクブ,シャカイジョウホウガクブ
社会福祉学部,*,*,2000,名詞,名詞,一般,*,*,*,社会福祉学部,シャカイフクシガクブ,シャカイフクシガクブ
獣医学部,*,*,2000,名詞,名詞,一般,*,*,*,獣医学部,シシイガクブ,シシイガクブ
獣医畜産学部,*,*,2000,名詞,名詞,一般,*,*,*,獣医畜産学部,ジュウイチクサンガクブ,ジュウイチクサンガクブ
生涯学習学部,*,*,2000,名詞,名詞,一般,*,*,*,生涯学習学部,ショウガイガクシュウガクブ,ショウガイガクシュウガクブ
生涯学習システム学部,*,*,2000,名詞,名詞,一般,*,*,*,生涯学習システム学部,ショウガイガクシュウシステムガクブ,ショウガイガクシュウシステムガクブ
生涯スポーツ学部,*,*,2000,名詞,名詞,一般,*,*,*,生涯スポーツ学部,ショウガイスポーツガクブ,ショウガイスポーツガクブ
生涯福祉学部,*,*,2000,名詞,名詞,一般,*,*,*,生涯福祉学部,ショウガイフクシガクブ,ショウガイフクシガクブ
商学部,*,*,2000,名詞,名詞,一般,*,*,*,商学部,ショウガクブ,ショウガクブ
商経学部,*,*,2000,名詞,名詞,一般,*,*,*,商経学部,ショウケイガクブ,ショウケイガクブ
商船学部,*,*,2000,名詞,名詞,一般,*,*,*,商船学部,ショウセンガクブ,ショウセンガクブ
情報科学部,*,*,2000,名詞,名詞,一般,*,*,*,情報科学部,ジョウホウカガクブ,ジョウホウカガクブ
情報学部,*,*,2000,名詞,名詞,一般,*,*,*,情報学部,ジョウホウガクブ,ジョウホウガクブ
情報環境学部,*,*,2000,名詞,名詞,一般,*,*,*,情報環境学部,ジョウホウカンキョウガクブ,ジョウホウカンキョウガクブ
情報工学部,*,*,2000,名詞,名詞,一般,*,*,*,情報工学部,ジョウホウコウガクブ,ジョウホウコウガクブ
情報コミュニケーション学部,*,*,2000,名詞,名詞,一般,*,*,*,情報コミュニケーション学部,ジョウホウコミュニケーションガクブ,ジョウホウコミュニケーションガクブ
情報システム学部,*,*,2000,名詞,名詞,一般,*,*,*,情報システム学部,ジョウホウシステムガクブ,ジョウホウシステムガクブ
情報社会科学部,*,*,2000,名詞,名詞,一般,*,*,*,情報社会科学部,ジョウホウシャカイカガクブ,ジョウホウシャカイカガクブ
情報社会学部,*,*,2000,名詞,名詞,一般,*,*,*,情報社会学部,ジョウホウシャカイガクブ,ジョウホウシャカイガクブ
情報社会政策学部,*,*,2000,名詞,名詞,一般,*,*,*,情報社会政策学部,ジョウホウシャカイセイサクガクブ,ジョウホウシャカイセイサクガクブ
情報通信学部,*,*,2000,名詞,名詞,一般,*,*,*,情報通信学部,ジョウホウツウシンガクブ,ジョウホウツウシンガクブ
情報通信工学部,*,*,2000,名詞,名詞,一般,*,*,*,情報通信工学部,ジョウホウツウシンコウガクブ,ジョウホウツウシンコウガクブ
情報デザイン工学部,*,*,2000,名詞,名詞,一般,*,*,*,情報デザイン工学部,ジョウホウデザインコウガクブ,ジョウホウデザインコウガクブ
情報ビジネス学部,*,*,2000,名詞,名詞,一般,*,*,*,情報ビジネス学部,ジョウホウビジネスガクブ,ジョウホウビジネスガクブ
情報フロンティア学部,*,*,2000,名詞,名詞,一般,*,*,*,情報フロンティア学部,ジョウホウフロンティアガクブ,ジョウホウフロンティアガクブ
情報文化学部,*,*,2000,名詞,名詞,一般,*,*,*,情報文化学部,ジョウホウブンカガクブ,ジョウホウブンカガクブ
情報マネジメント学部,*,*,2000,名詞,名詞,一般,*,*,*,情報マネジメント学部,ジョウホウマネジメントガクブ,ジョウホウマネジメントガクブ
情報メディア学部,*,*,2000,名詞,名詞,一般,*,*,*,情報メディア学部,ジョウホウメディアガクブ,ジョウホウメディアガクブ
情報理工学部,*,*,2000,名詞,名詞,一般,*,*,*,情報理工学部,ジョウホウリコウガクブ,ジョウホウリコウガクブ
情報連携学部,*,*,2000,名詞,名詞,一般,*,*,*,情報連携学部,ジョウホウレンケイガクブ,ジョウホウレンケイガクブ
食環境科学部,*,*,2000,名詞,名詞,一般,*,*,*,食環境科学部,ショクカンキョウカガクブ,ショクカンキョウカガクブ
食産業学部,*,*,2000,名詞,名詞,一般,*,*,*,食産業学部,ショクサンギョウガクブ,ショクサンギョウガクブ
食品栄養科学部,*,*,2000,名詞,名詞,一般,*,*,*,食品栄養科学部,ショクヒンエイヨウカガクブ,ショクヒンエイヨウカガクブ
食文化学部,*,*,2000,名詞,名詞,一般,*,*,*,食文化学部,ショクブンカガクブ,ショクブンカガクブ
食物栄養科学部,*,*,2000,名詞,名詞,一般,*,*,*,食物栄養科学部,ショクモツエイヨウカガクブ,ショクモツエイヨウカガクブ
食物栄養学部,*,*,2000,名詞,名詞,一般,*,*,*,食物栄養学部,ショクモツエイヨウガクブ,ショクモツエイヨウガクブ
神学部,*,*,2000,名詞,名詞,一般,*,*,*,神学部,シンガクブ,シンガクブ
鍼灸学部,*,*,2000,名詞,名詞,一般,*,*,*,鍼灸学部,鍼灸ガクブ,鍼灸ガクブ
心身科学部,*,*,2000,名詞,名詞,一般,*,*,*,心身科学部,シンシンカガクブ,シンシンカガクブ
神道文化学部,*,*,2000,名詞,名詞,一般,*,*,*,神道文化学部,シントウブンカガクブ,シントウブンカガクブ
人文科学部,*,*,2000,名詞,名詞,一般,*,*,*,人文科学部,ジンブンカガクブ,ジンブンカガクブ
人文学部,*,*,2000,名詞,名詞,一般,*,*,*,人文学部,ジンブンガクブ,ジンブンガクブ
人文経営学部,*,*,2000,名詞,名詞,一般,*,*,*,人文経営学部,ジンブンケイエイガクブ,ジンブンケイエイガクブ
人文社会科学部,*,*,2000,名詞,名詞,一般,*,*,*,人文社会科学部,ジンブンシャカイカガクブ,ジンブンシャカイカガクブ
人文社会学部,*,*,2000,名詞,名詞,一般,*,*,*,人文社会学部,ジンブンシャカイガクブ,ジンブンシャカイガクブ
心理学部,*,*,2000,名詞,名詞,一般,*,*,*,心理学部,ココロリガクブ,ココロリガクブ
心理科学部,*,*,2000,名詞,名詞,一般,*,*,*,心理科学部,シンリカガクブ,シンリカガクブ
心理こども学部,*,*,2000,名詞,名詞,一般,*,*,*,心理こども学部,シンリコドモガクブ,シンリコドモガクブ
心理福祉学部,*,*,2000,名詞,名詞,一般,*,*,*,心理福祉学部,シンリフクシガクブ,シンリフクシガクブ
心理・福祉学部,*,*,2000,名詞,名詞,一般,*,*,*,心理・福祉学部,シンリ・フクシガクブ,シンリ・フクシガクブ
診療放射線学部,*,*,2000,名詞,名詞,一般,*,*,*,診療放射線学部,シンリョウホウシャセンガクブ,シンリョウホウシャセンガクブ
水産学部,*,*,2000,名詞,名詞,一般,*,*,*,水産学部,スイサンガクブ,スイサンガクブ
スポーツ科学部,*,*,2000,名詞,名詞,一般,*,*,*,スポーツ科学部,スポーツカガクブ,スポーツカガクブ
スポーツ学部,*,*,2000,名詞,名詞,一般,*,*,*,スポーツ学部,スポーツガクブ,スポーツガクブ
スポーツ健康科学部,*,*,2000,名詞,名詞,一般,*,*,*,スポーツ健康科学部,スポーツケンコウカガクブ,スポーツケンコウカガクブ
スポーツ・健康科学部,*,*,2000,名詞,名詞,一般,*,*,*,スポーツ・健康科学部,スポーツ・ケンコウカガクブ,スポーツ・ケンコウカガクブ
スポーツ健康学部,*,*,2000,名詞,名詞,一般,*,*,*,スポーツ健康学部,スポーツケンコウガクブ,スポーツケンコウガクブ
スポーツ健康政策学部,*,*,2000,名詞,名詞,一般,*,*,*,スポーツ健康政策学部,スポーツケンコウセイサクガクブ,スポーツケンコウセイサクガクブ
スポーツ人間学部,*,*,2000,名詞,名詞,一般,*,*,*,スポーツ人間学部,スポーツニンゲンガクブ,スポーツニンゲンガクブ
スポーツプロモーション学部,*,*,2000,名詞,名詞,一般,*,*,*,スポーツプロモーション学部,スポーツプロモーションガクブ,スポーツプロモーションガクブ
スポーツ文化学部,*,*,2000,名詞,名詞,一般,*,*,*,スポーツ文化学部,スポーツブンカガクブ,スポーツブンカガクブ
生活科学部,*,*,2000,名詞,名詞,一般,*,*,*,生活科学部,セイカツカガクブ,セイカツカガクブ
生活環境学部,*,*,2000,名詞,名詞,一般,*,*,*,生活環境学部,セイカツカンキョウガクブ,セイカツカンキョウガクブ
生活創造学部,*,*,2000,名詞,名詞,一般,*,*,*,生活創造学部,セイカツソウゾウガクブ,セイカツソウゾウガクブ
生活福祉文化学部,*,*,2000,名詞,名詞,一般,*,*,*,生活福祉文化学部,セイカツフクシブンカガクブ,セイカツフクシブンカガクブ
政経学部,*,*,2000,名詞,名詞,一般,*,*,*,政経学部,セイケイガクブ,セイケイガクブ
政策科学部,*,*,2000,名詞,名詞,一般,*,*,*,政策科学部,セイサクカガクブ,セイサクカガクブ
政策学部,*,*,2000,名詞,名詞,一般,*,*,*,政策学部,セイサクガクブ,セイサクガクブ
政策情報学部,*,*,2000,名詞,名詞,一般,*,*,*,政策情報学部,セイサクジョウホウガクブ,セイサクジョウホウガクブ
政策創造学部,*,*,2000,名詞,名詞,一般,*,*,*,政策創造学部,セイサクソウゾウガクブ,セイサクソウゾウガクブ
政策マネジメント学部,*,*,2000,名詞,名詞,一般,*,*,*,政策マネジメント学部,セイサクマネジメントガクブ,セイサクマネジメントガクブ
生産工学部,*,*,2000,名詞,名詞,一般,*,*,*,生産工学部,セイサンコウガクブ,セイサンコウガクブ
政治経済学部,*,*,2000,名詞,名詞,一般,*,*,*,政治経済学部,セイジケイザイガクブ,セイジケイザイガクブ
生物学部,*,*,2000,名詞,名詞,一般,*,*,*,生物学部,セイブツガクブ,セイブツガクブ
生物産業学部,*,*,2000,名詞,名詞,一般,*,*,*,生物産業学部,セイブツサンギョウガクブ,セイブツサンギョウガクブ
生物資源科学部,*,*,2000,名詞,名詞,一般,*,*,*,生物資源科学部,セイブツシゲンカガクブ,セイブツシゲンカガクブ
生物資源環境学部,*,*,2000,名詞,名詞,一般,*,*,*,生物資源環境学部,セイブツシゲンカンキョウガクブ,セイブツシゲンカンキョウガクブ
生物資源学部,*,*,2000,名詞,名詞,一般,*,*,*,生物資源学部,セイブツシゲンガクブ,セイブツシゲンガクブ
生物生産学部,*,*,2000,名詞,名詞,一般,*,*,*,生物生産学部,セイブツセイサンガクブ,セイブツセイサンガクブ
生物生命学部,*,*,2000,名詞,名詞,一般,*,*,*,生物生命学部,セイブツセイメイガクブ,セイブツセイメイガクブ
生物地球学部,*,*,2000,名詞,名詞,一般,*,*,*,生物地球学部,セイブツチキュウガクブ,セイブツチキュウガクブ
生物理工学部,*,*,2000,名詞,名詞,一般,*,*,*,生物理工学部,セイブツリコウガクブ,セイブツリコウガクブ
生命医科学部,*,*,2000,名詞,名詞,一般,*,*,*,生命医科学部,セイメイイカガクブ,セイメイイカガクブ
生命科学部,*,*,2000,名詞,名詞,一般,*,*,*,生命科学部,セイメイカガクブ,セイメイカガクブ
生命学部,*,*,2000,名詞,名詞,一般,*,*,*,生命学部,セイメイガクブ,セイメイガクブ
生命環境学部,*,*,2000,名詞,名詞,一般,*,*,*,生命環境学部,セイメイカンキョウガクブ,セイメイカンキョウガクブ
生命・環境科学部,*,*,2000,名詞,名詞,一般,*,*,*,生命・環境科学部,セイメイ・カンキョウカガクブ,セイメイ・カンキョウカガクブ
生命健康科学部,*,*,2000,名詞,名詞,一般,*,*,*,生命健康科学部,セイメイケンコウカガクブ,セイメイケンコウカガクブ
生命工学部,*,*,2000,名詞,名詞,一般,*,*,*,生命工学部,セイメイコウガクブ,セイメイコウガクブ
生命歯学部,*,*,2000,名詞,名詞,一般,*,*,*,生命歯学部,セイメイシガクブ,セイメイシガクブ
生命システム工学部,*,*,2000,名詞,名詞,一般,*,*,*,生命システム工学部,セイメイシステムコウガクブ,セイメイシステムコウガクブ
生命理工学部,*,*,2000,名詞,名詞,一般,*,*,*,生命理工学部,セイメイリコウガクブ,セイメイリコウガクブ
繊維学部,*,*,2000,名詞,名詞,一般,*,*,*,繊維学部,センイガクブ,センイガクブ
先進理工学部,*,*,2000,名詞,名詞,一般,*,*,*,先進理工学部,センシンリコウガクブ,センシンリコウガクブ
先端芸術学部,*,*,2000,名詞,名詞,一般,*,*,*,先端芸術学部,センタンゲイジュツガクブ,センタンゲイジュツガクブ
造形学部,*,*,2000,名詞,名詞,一般,*,*,*,造形学部,ゾウケイガクブ,ゾウケイガクブ
造形芸術学部,*,*,2000,名詞,名詞,一般,*,*,*,造形芸術学部,ゾウケイゲイジュツガクブ,ゾウケイゲイジュツガクブ
造形表現学部,*,*,2000,名詞,名詞,一般,*,*,*,造形表現学部,ゾウケイヒョウゲンガクブ,ゾウケイヒョウゲンガクブ
総合科学部,*,*,2000,名詞,名詞,一般,*,*,*,総合科学部,ソウゴウカガクブ,ソウゴウカガクブ
総合学部,*,*,2000,名詞,名詞,一般,*,*,*,総合学部,ソウゴウガクブ,ソウゴウガクブ
総合家政学部,*,*,2000,名詞,名詞,一般,*,*,*,総合家政学部,ソウゴウカセイガクブ,ソウゴウカセイガクブ
総合管理学部,*,*,2000,名詞,名詞,一般,*,*,*,総合管理学部,ソウゴウカンリガクブ,ソウゴウカンリガクブ
総合経営学部,*,*,2000,名詞,名詞,一般,*,*,*,総合経営学部,ソウゴウケイエイガクブ,ソウゴウケイエイガクブ
総合社会学部,*,*,2000,名詞,名詞,一般,*,*,*,総合社会学部,ソウゴウシャカイガクブ,ソウゴウシャカイガクブ
総合情報学部,*,*,2000,名詞,名詞,一般,*,*,*,総合情報学部,ソウゴウジョウホウガクブ,ソウゴウジョウホウガクブ
総合数理学部,*,*,2000,名詞,名詞,一般,*,*,*,総合数理学部,ソウゴウスウリガクブ,ソウゴウスウリガクブ
総合政策学部,*,*,2000,名詞,名詞,一般,*,*,*,総合政策学部,ソウゴウセイサクガクブ,ソウゴウセイサクガクブ
総合生命科学部,*,*,2000,名詞,名詞,一般,*,*,*,総合生命科学部,ソウゴウセイメイカガクブ,ソウゴウセイメイカガクブ
総合人間科学部,*,*,2000,名詞,名詞,一般,*,*,*,総合人間科学部,ソウゴウニンゲンカガクブ,ソウゴウニンゲンカガクブ
総合人間学部,*,*,2000,名詞,名詞,一般,*,*,*,総合人間学部,ソウゴウニンゲンガクブ,ソウゴウニンゲンガクブ
総合キャリア学部,*,*,2000,名詞,名詞,一般,*,*,*,総合キャリア学部,ソウゴウキャリアガクブ,ソウゴウキャリアガクブ
総合光科学部,*,*,2000,名詞,名詞,一般,*,*,*,総合光科学部,ソウゴウコウカガクブ,ソウゴウコウカガクブ
総合福祉学部,*,*,2000,名詞,名詞,一般,*,*,*,総合福祉学部,ソウゴウフクシガクブ,ソウゴウフクシガクブ
総合文化学部,*,*,2000,名詞,名詞,一般,*,*,*,総合文化学部,ソウゴウブンカガクブ,ソウゴウブンカガクブ
総合文化政策学部,*,*,2000,名詞,名詞,一般,*,*,*,総合文化政策学部,ソウゴウブンカセイサクガクブ,ソウゴウブンカセイサクガクブ
総合マネジメント学部,*,*,2000,名詞,名詞,一般,*,*,*,総合マネジメント学部,ソウゴウマネジメントガクブ,ソウゴウマネジメントガクブ
総合理工学部,*,*,2000,名詞,名詞,一般,*,*,*,総合理工学部,ソウゴウリコウガクブ,ソウゴウリコウガクブ
総合リハビリテーション学部,*,*,2000,名詞,名詞,一般,*,*,*,総合リハビリテーション学部,ソウゴウリハビリテーションガクブ,ソウゴウリハビリテーションガクブ
ソーシャルワーク学部,*,*,2000,名詞,名詞,一般,*,*,*,ソーシャルワーク学部,ソーシャルワークガクブ,ソーシャルワークガクブ
創生工学部,*,*,2000,名詞,名詞,一般,*,*,*,創生工学部,ソウセイコウガクブ,ソウセイコウガクブ
創造芸術学部,*,*,2000,名詞,名詞,一般,*,*,*,創造芸術学部,ソウゾウゲイジュツガクブ,ソウゾウゲイジュツガクブ
創造工学部,*,*,2000,名詞,名詞,一般,*,*,*,創造工学部,ソウゾウコウガクブ,ソウゾウコウガクブ
創造理工学部,*,*,2000,名詞,名詞,一般,*,*,*,創造理工学部,ソウゾウリコウガクブ,ソウゾウリコウガクブ
ソフトウェア情報学部,*,*,2000,名詞,名詞,一般,*,*,*,ソフトウェア情報学部,ソフトウェアジョウホウガクブ,ソフトウェアジョウホウガクブ
体育学部,*,*,2000,名詞,名詞,一般,*,*,*,体育学部,タイイクガクブ,タイイクガクブ
第一工学部,*,*,2000,名詞,名詞,一般,*,*,*,第一工学部,ダイイチコウガクブ,ダイイチコウガクブ
第一商学部,*,*,2000,名詞,名詞,一般,*,*,*,第一商学部,ダイイチショウガクブ,ダイイチショウガクブ
第一政治経済学部,*,*,2000,名詞,名詞,一般,*,*,*,第一政治経済学部,ダイイチセイジケイザイガクブ,ダイイチセイジケイザイガクブ
第一文学部,*,*,2000,名詞,名詞,一般,*,*,*,第一文学部,ダイイチブンガクブ,ダイイチブンガクブ
第一法学部,*,*,2000,名詞,名詞,一般,*,*,*,第一法学部,ダイイチホウガクブ,ダイイチホウガクブ
第一理工学部,*,*,2000,名詞,名詞,一般,*,*,*,第一理工学部,ダイイチリコウガクブ,ダイイチリコウガクブ
第二工学部,*,*,2000,名詞,名詞,一般,*,*,*,第二工学部,ダイニコウガクブ,ダイニコウガクブ
第二商学部,*,*,2000,名詞,名詞,一般,*,*,*,第二商学部,ダイニショウガクブ,ダイニショウガクブ
第二政治経済学部,*,*,2000,名詞,名詞,一般,*,*,*,第二政治経済学部,ダイニセイジケイザイガクブ,ダイニセイジケイザイガクブ
第二文学部,*,*,2000,名詞,名詞,一般,*,*,*,第二文学部,ダイニブンガクブ,ダイニブンガクブ
第二法学部,*,*,2000,名詞,名詞,一般,*,*,*,第二法学部,ダイニホウガクブ,ダイニホウガクブ
第二理工学部,*,*,2000,名詞,名詞,一般,*,*,*,第二理工学部,ダイニリコウガクブ,ダイニリコウガクブ
地域医療学部,*,*,2000,名詞,名詞,一般,*,*,*,地域医療学部,チイキイリョウガクブ,チイキイリョウガクブ
地域科学部,*,*,2000,名詞,名詞,一般,*,*,*,地域科学部,チイキカガクブ,チイキカガクブ
地域学部,*,*,2000,名詞,名詞,一般,*,*,*,地域学部,チイキガクブ,チイキガクブ
地域環境科学部,*,*,2000,名詞,名詞,一般,*,*,*,地域環境科学部,チイキカンキョウカガクブ,チイキカンキョウカガクブ
地域教育文化学部,*,*,2000,名詞,名詞,一般,*,*,*,地域教育文化学部,チイキキョウイクブンカガクブ,チイキキョウイクブンカガクブ
地域協働学部,*,*,2000,名詞,名詞,一般,*,*,*,地域協働学部,チイキキョウ働学ブ,チイキキョウ働学ブ
地域資源創生学部,*,*,2000,名詞,名詞,一般,*,*,*,地域資源創生学部,チイキシゲンソウセイガクブ,チイキシゲンソウセイガクブ
地域政策学部,*,*,2000,名詞,名詞,一般,*,*,*,地域政策学部,チイキセイサクガクブ,チイキセイサクガクブ
地域創生学部,*,*,2000,名詞,名詞,一般,*,*,*,地域創生学部,チイキソウセイガクブ,チイキソウセイガクブ
地域創成農学部,*,*,2000,名詞,名詞,一般,*,*,*,地域創成農学部,チイキソウセイノウガクブ,チイキソウセイノウガクブ
地域創造学部,*,*,2000,名詞,名詞,一般,*,*,*,地域創造学部,チイキソウゾウガクブ,チイキソウゾウガクブ
地域デザイン科学部,*,*,2000,名詞,名詞,一般,*,*,*,地域デザイン科学部,チイキデザインカガクブ,チイキデザインカガクブ
地域発展学部,*,*,2000,名詞,名詞,一般,*,*,*,地域発展学部,チイキハッテンガクブ,チイキハッテンガクブ
地球環境科学部,*,*,2000,名詞,名詞,一般,*,*,*,地球環境科学部,チキュウカンキョウカガクブ,チキュウカンキョウカガクブ
畜産学部,*,*,2000,名詞,名詞,一般,*,*,*,畜産学部,チクサンガクブ,チクサンガクブ
知識工学部,*,*,2000,名詞,名詞,一般,*,*,*,知識工学部,チシキコウガクブ,チシキコウガクブ
知的財産学部,*,*,2000,名詞,名詞,一般,*,*,*,知的財産学部,チテキザイサンガクブ,チテキザイサンガクブ
知能情報学部,*,*,2000,名詞,名詞,一般,*,*,*,知能情報学部,チノウジョウホウガクブ,チノウジョウホウガクブ
デザイン学部,*,*,2000,名詞,名詞,一般,*,*,*,デザイン学部,デザインガクブ,デザインガクブ
デザイン工学部,*,*,2000,名詞,名詞,一般,*,*,*,デザイン工学部,デザインコウガクブ,デザインコウガクブ
デジタルコミュニケーション学部,*,*,2000,名詞,名詞,一般,*,*,*,デジタルコミュニケーション学部,デジタルコミュニケーションガクブ,デジタルコミュニケーションガクブ
電気通信学部,*,*,2000,名詞,名詞,一般,*,*,*,電気通信学部,デンキツウシンガクブ,デンキツウシンガクブ
電子情報学部,*,*,2000,名詞,名詞,一般,*,*,*,電子情報学部,デンシジョウホウガクブ,デンシジョウホウガクブ
東京メディア・コンテンツ学部,*,*,2000,名詞,名詞,一般,*,*,*,東京メディア・コンテンツ学部,トウキョウメディア・コンテンツガクブ,トウキョウメディア・コンテンツガクブ
動物看護学部,*,*,2000,名詞,名詞,一般,*,*,*,動物看護学部,ドウブツカンゴガクブ,ドウブツカンゴガクブ
都市科学部,*,*,2000,名詞,名詞,一般,*,*,*,都市科学部,トシカガクブ,トシカガクブ
都市環境学部,*,*,2000,名詞,名詞,一般,*,*,*,都市環境学部,トシカンキョウガクブ,トシカンキョウガクブ
都市教養学部,*,*,2000,名詞,名詞,一般,*,*,*,都市教養学部,トシキョウヨウガクブ,トシキョウヨウガクブ
都市経営学部,*,*,2000,名詞,名詞,一般,*,*,*,都市経営学部,トシケイエイガクブ,トシケイエイガクブ
都市経済学部,*,*,2000,名詞,名詞,一般,*,*,*,都市経済学部,トシケイザイガクブ,トシケイザイガクブ
都市情報学部,*,*,2000,名詞,名詞,一般,*,*,*,都市情報学部,トシジョウホウガクブ,トシジョウホウガクブ
都市生活学部,*,*,2000,名詞,名詞,一般,*,*,*,都市生活学部,トシセイカツガクブ,トシセイカツガクブ
日本歯科大学,*,*,2000,名詞,名詞,一般,*,*,*,日本歯科大学,ニッポンシカダイガク,ニッポンシカダイガク
21世紀アジア学部,*,*,2000,名詞,名詞,一般,*,*,*,21世紀アジア学部,21セイキアジアガクブ,21セイキアジアガクブ
日本文化学部,*,*,2000,名詞,名詞,一般,*,*,*,日本文化学部,ニッポンブンカガクブ,ニッポンブンカガクブ
人間栄養学部,*,*,2000,名詞,名詞,一般,*,*,*,人間栄養学部,ニンゲンエイヨウガクブ,ニンゲンエイヨウガクブ
人間開発学部,*,*,2000,名詞,名詞,一般,*,*,*,人間開発学部,ニンゲンカイハツガクブ,ニンゲンカイハツガクブ
人間科学部,*,*,2000,名詞,名詞,一般,*,*,*,人間科学部,ニンゲンカガクブ,ニンゲンカガクブ
人間学部,*,*,2000,名詞,名詞,一般,*,*,*,人間学部,ニンゲンガクブ,ニンゲンガクブ
人間環境学部,*,*,2000,名詞,名詞,一般,*,*,*,人間環境学部,ニンゲンカンキョウガクブ,ニンゲンカンキョウガクブ
人間関係学部,*,*,2000,名詞,名詞,一般,*,*,*,人間関係学部,ニンゲンカンケイガクブ,ニンゲンカンケイガクブ
人間看護学部,*,*,2000,名詞,名詞,一般,*,*,*,人間看護学部,ニンゲンカンゴガクブ,ニンゲンカンゴガクブ
人間教育学部,*,*,2000,名詞,名詞,一般,*,*,*,人間教育学部,ニンゲンキョウイクガクブ,ニンゲンキョウイクガクブ
人間健康学部,*,*,2000,名詞,名詞,一般,*,*,*,人間健康学部,ニンゲンケンコウガクブ,ニンゲンケンコウガクブ
人間社会学部,*,*,2000,名詞,名詞,一般,*,*,*,人間社会学部,ニンゲンシャカイガクブ,ニンゲンシャカイガクブ
人間社会福祉学部,*,*,2000,名詞,名詞,一般,*,*,*,人間社会福祉学部,ニンゲンシャカイフクシガクブ,ニンゲンシャカイフクシガクブ
人間情報学部,*,*,2000,名詞,名詞,一般,*,*,*,人間情報学部,ニンゲンジョウホウガクブ,ニンゲンジョウホウガクブ
人間生活科学部,*,*,2000,名詞,名詞,一般,*,*,*,人間生活科学部,ニンゲンセイカツカガクブ,ニンゲンセイカツカガクブ
人間生活学部,*,*,2000,名詞,名詞,一般,*,*,*,人間生活学部,ニンゲンセイカツガクブ,ニンゲンセイカツガクブ
人間総合学部,*,*,2000,名詞,名詞,一般,*,*,*,人間総合学部,ニンゲンソウゴウガクブ,ニンゲンソウゴウガクブ
人間発達科学部,*,*,2000,名詞,名詞,一般,*,*,*,人間発達科学部,ニンゲンハッタツカガクブ,ニンゲンハッタツカガクブ
人間発達学部,*,*,2000,名詞,名詞,一般,*,*,*,人間発達学部,ニンゲンハッタツガクブ,ニンゲンハッタツガクブ
人間福祉学部,*,*,2000,名詞,名詞,一般,*,*,*,人間福祉学部,ニンゲンフクシガクブ,ニンゲンフクシガクブ
人間文化学部,*,*,2000,名詞,名詞,一般,*,*,*,人間文化学部,ニンゲンブンカガクブ,ニンゲンブンカガクブ
ネットワーク情報学部,*,*,2000,名詞,名詞,一般,*,*,*,ネットワーク情報学部,ネットワークジョウホウガクブ,ネットワークジョウホウガクブ
農学生命科学部,*,*,2000,名詞,名詞,一般,*,*,*,農学生命科学部,ノウガクセイメイカガクブ,ノウガクセイメイカガクブ
農学部,*,*,2000,名詞,名詞,一般,*,*,*,農学部,ノウガクブ,ノウガクブ
バイオ・化学部,*,*,2000,名詞,名詞,一般,*,*,*,バイオ・化学部,バイオ・カガクブ,バイオ・カガクブ
バイオ環境学部,*,*,2000,名詞,名詞,一般,*,*,*,バイオ環境学部,バイオカンキョウガクブ,バイオカンキョウガクブ
バイオサイエンス学部,*,*,2000,名詞,名詞,一般,*,*,*,バイオサイエンス学部,バイオサイエンスガクブ,バイオサイエンスガクブ
バイオニクス学部,*,*,2000,名詞,名詞,一般,*,*,*,バイオニクス学部,バイオニクスガクブ,バイオニクスガクブ
発達科学部,*,*,2000,名詞,名詞,一般,*,*,*,発達科学部,ハッタツカガクブ,ハッタツカガクブ
発達教育学部,*,*,2000,名詞,名詞,一般,*,*,*,発達教育学部,ハッタツキョウイクガクブ,ハッタツキョウイクガクブ
比較文化学部,*,*,2000,名詞,名詞,一般,*,*,*,比較文化学部,ヒカクブンカガクブ,ヒカクブンカガクブ
東が丘・立川看護学部,*,*,2000,名詞,名詞,一般,*,*,*,東が丘・立川看護学部,ヒガシガオカ・タチカワカンゴガクブ,ヒガシガオカ・タチカワカンゴガクブ
光科学部,*,*,2000,名詞,名詞,一般,*,*,*,光科学部,ヒカリカガクブ,ヒカリカガクブ
ビジネス学部,*,*,2000,名詞,名詞,一般,*,*,*,ビジネス学部,ビジネスガクブ,ビジネスガクブ
ビジネス情報学部,*,*,2000,名詞,名詞,一般,*,*,*,ビジネス情報学部,ビジネスジョウホウガクブ,ビジネスジョウホウガクブ
ビジネス創造学部,*,*,2000,名詞,名詞,一般,*,*,*,ビジネス創造学部,ビジネスソウゾウガクブ,ビジネスソウゾウガクブ
ビジネスデザイン学部,*,*,2000,名詞,名詞,一般,*,*,*,ビジネスデザイン学部,ビジネスデザインガクブ,ビジネスデザインガクブ
美術学部,*,*,2000,名詞,名詞,一般,*,*,*,美術学部,ビジュツガクブ,ビジュツガクブ
美術工芸学部,*,*,2000,名詞,名詞,一般,*,*,*,美術工芸学部,ビジュツコウゲイガクブ,ビジュツコウゲイガクブ
美術文化学部,*,*,2000,名詞,名詞,一般,*,*,*,美術文化学部,ビジュツブンカガクブ,ビジュツブンカガクブ
ヒューマンケア学部,*,*,2000,名詞,名詞,一般,*,*,*,ヒューマンケア学部,ヒューマンケアガクブ,ヒューマンケアガクブ
表現学部,*,*,2000,名詞,名詞,一般,*,*,*,表現学部,ヒョウゲンガクブ,ヒョウゲンガクブ
表象文化学部,*,*,2000,名詞,名詞,一般,*,*,*,表象文化学部,ヒョウショウブンカガクブ,ヒョウショウブンカガクブ
不動産学部,*,*,2000,名詞,名詞,一般,*,*,*,不動産学部,フドウサンガクブ,フドウサンガクブ
福岡医療技術学部,*,*,2000,名詞,名詞,一般,*,*,*,福岡医療技術学部,フクオカイリョウギジュツガクブ,フクオカイリョウギジュツガクブ
福岡看護学部,*,*,2000,名詞,名詞,一般,*,*,*,福岡看護学部,フクオカカンゴガクブ,フクオカカンゴガクブ
福岡保健医療学部,*,*,2000,名詞,名詞,一般,*,*,*,福岡保健医療学部,フクオカホケンイリョウガクブ,フクオカホケンイリョウガクブ
福祉学部,*,*,2000,名詞,名詞,一般,*,*,*,福祉学部,フクシガクブ,フクシガクブ
福祉環境学部,*,*,2000,名詞,名詞,一般,*,*,*,福祉環境学部,フクシカンキョウガクブ,フクシカンキョウガクブ
福祉経営学部,*,*,2000,名詞,名詞,一般,*,*,*,福祉経営学部,フクシケイエイガクブ,フクシケイエイガクブ
福祉健康学部,*,*,2000,名詞,名詞,一般,*,*,*,福祉健康学部,フクシケンコウガクブ,フクシケンコウガクブ
福祉貢献学部,*,*,2000,名詞,名詞,一般,*,*,*,福祉貢献学部,フクシコウケンガクブ,フクシコウケンガクブ
福祉社会学部,*,*,2000,名詞,名詞,一般,*,*,*,福祉社会学部,フクシシャカイガクブ,フクシシャカイガクブ
福祉情報学部,*,*,2000,名詞,名詞,一般,*,*,*,福祉情報学部,フクシジョウホウガクブ,フクシジョウホウガクブ
福祉総合学部,*,*,2000,名詞,名詞,一般,*,*,*,福祉総合学部,フクシソウゴウガクブ,フクシソウゴウガクブ
福祉保健学部,*,*,2000,名詞,名詞,一般,*,*,*,福祉保健学部,フクシホケンガクブ,フクシホケンガクブ
服飾学部,*,*,2000,名詞,名詞,一般,*,*,*,服飾学部,フクショクガクブ,フクショクガクブ
服装学部,*,*,2000,名詞,名詞,一般,*,*,*,服装学部,フクソウガクブ,フクソウガクブ
仏教学部,*,*,2000,名詞,名詞,一般,*,*,*,仏教学部,ブッキョウガクブ,ブッキョウガクブ
不動産学部,*,*,2000,名詞,名詞,一般,*,*,*,不動産学部,フドウサンガクブ,フドウサンガクブ
フロンティアサイエンス学部,*,*,2000,名詞,名詞,一般,*,*,*,フロンティアサイエンス学部,フロンティアサイエンスガクブ,フロンティアサイエンスガクブ
文化学部,*,*,2000,名詞,名詞,一般,*,*,*,文化学部,ブンカガクブ,ブンカガクブ
文化教育学部,*,*,2000,名詞,名詞,一般,*,*,*,文化教育学部,ブンカキョウイクガクブ,ブンカキョウイクガクブ
文学部,*,*,2000,名詞,名詞,一般,*,*,*,文学部,ブンガクブ,ブンガクブ
文化言語学部,*,*,2000,名詞,名詞,一般,*,*,*,文化言語学部,ブンカゲンゴガクブ,ブンカゲンゴガクブ
文化構想学部,*,*,2000,名詞,名詞,一般,*,*,*,文化構想学部,ブンカコウソウガクブ,ブンカコウソウガクブ
文化情報学部,*,*,2000,名詞,名詞,一般,*,*,*,文化情報学部,ブンカジョウホウガクブ,ブンカジョウホウガクブ
文化財学部,*,*,2000,名詞,名詞,一般,*,*,*,文化財学部,ブンカザイガクブ,ブンカザイガクブ
文化政策学部,*,*,2000,名詞,名詞,一般,*,*,*,文化政策学部,ブンカセイサクガクブ,ブンカセイサクガクブ
文化創造学部,*,*,2000,名詞,名詞,一般,*,*,*,文化創造学部,ブンカソウゾウガクブ,ブンカソウゾウガクブ
文化表現学部,*,*,2000,名詞,名詞,一般,*,*,*,文化表現学部,ブンカヒョウゲンガクブ,ブンカヒョウゲンガクブ
文教育学部,*,*,2000,名詞,名詞,一般,*,*,*,文教育学部,ブンキョウイクガクブ,ブンキョウイクガクブ
文芸学部,*,*,2000,名詞,名詞,一般,*,*,*,文芸学部,ブンゲイガクブ,ブンゲイガクブ
文理学部,*,*,2000,名詞,名詞,一般,*,*,*,文理学部,ブンリガクブ,ブンリガクブ
保育学部,*,*,2000,名詞,名詞,一般,*,*,*,保育学部,ホイクガクブ,ホイクガクブ
法学部,*,*,2000,名詞,名詞,一般,*,*,*,法学部,ホウガクブ,ホウガクブ
法経学部,*,*,2000,名詞,名詞,一般,*,*,*,法経学部,ホウケイガクブ,ホウケイガクブ
法文学部,*,*,2000,名詞,名詞,一般,*,*,*,法文学部,ホウブンガクブ,ホウブンガクブ
保健医療学部,*,*,2000,名詞,名詞,一般,*,*,*,保健医療学部,ホケンイリョウガクブ,ホケンイリョウガクブ
保健医療技術学部,*,*,2000,名詞,名詞,一般,*,*,*,保健医療技術学部,ホケンイリョウギジュツガクブ,ホケンイリョウギジュツガクブ
保健医療経営学部,*,*,2000,名詞,名詞,一般,*,*,*,保健医療経営学部,ホケンイリョウケイエイガクブ,ホケンイリョウケイエイガクブ
保健医療福祉学部,*,*,2000,名詞,名詞,一般,*,*,*,保健医療福祉学部,ホケンイリョウフクシガクブ,ホケンイリョウフクシガクブ
保健衛生学部,*,*,2000,名詞,名詞,一般,*,*,*,保健衛生学部,ホケンエイセイガクブ,ホケンエイセイガクブ
保健科学部,*,*,2000,名詞,名詞,一般,*,*,*,保健科学部,ホケンカガクブ,ホケンカガクブ
保健学部,*,*,2000,名詞,名詞,一般,*,*,*,保健学部,ホケンガクブ,ホケンガクブ
保健医療学部,*,*,2000,名詞,名詞,一般,*,*,*,保健医療学部,ホケンイリョウガクブ,ホケンイリョウガクブ
保健看護学部,*,*,2000,名詞,名詞,一般,*,*,*,保健看護学部,ホケンカンゴガクブ,ホケンカンゴガクブ
保健福祉学部,*,*,2000,名詞,名詞,一般,*,*,*,保健福祉学部,ホケンフクシガクブ,ホケンフクシガクブ
ホスピタリティ・ツーリズム学部,*,*,2000,名詞,名詞,一般,*,*,*,ホスピタリティ・ツーリズム学部,ホスピタリティ・ツーリズムガクブ,ホスピタリティ・ツーリズムガクブ
ホピュラーカルチャー学部,*,*,2000,名詞,名詞,一般,*,*,*,ホピュラーカルチャー学部,ホピュラーカルチャーガクブ,ホピュラーカルチャーガクブ
松戸歯学部,*,*,2000,名詞,名詞,一般,*,*,*,松戸歯学部,マツドシガクブ,マツドシガクブ
松山看護学部,*,*,2000,名詞,名詞,一般,*,*,*,松山看護学部,マツヤマカンゴガクブ,マツヤマカンゴガクブ
マネジメント学部,*,*,2000,名詞,名詞,一般,*,*,*,マネジメント学部,マネジメントガクブ,マネジメントガクブ
マネジメント創造学部,*,*,2000,名詞,名詞,一般,*,*,*,マネジメント創造学部,マネジメントソウゾウガクブ,マネジメントソウゾウガクブ
マンガ学部,*,*,2000,名詞,名詞,一般,*,*,*,マンガ学部,マンガガクブ,マンガガクブ
未来科学部,*,*,2000,名詞,名詞,一般,*,*,*,未来科学部,ミライカガクブ,ミライカガクブ
未来創造学部,*,*,2000,名詞,名詞,一般,*,*,*,未来創造学部,ミライソウゾウガクブ,ミライソウゾウガクブ
未来デザイン学部,*,*,2000,名詞,名詞,一般,*,*,*,未来デザイン学部,ミライデザインガクブ,ミライデザインガクブ
メディア学部,*,*,2000,名詞,名詞,一般,*,*,*,メディア学部,メディアガクブ,メディアガクブ
メディア情報学部,*,*,2000,名詞,名詞,一般,*,*,*,メディア情報学部,メディアジョウホウガクブ,メディアジョウホウガクブ
メディア・芸術学部,*,*,2000,名詞,名詞,一般,*,*,*,メディア・芸術学部,メディア・ゲイジュツガクブ,メディア・ゲイジュツガクブ
メディアコミュニケーション学部,*,*,2000,名詞,名詞,一般,*,*,*,メディアコミュニケーション学部,メディアコミュニケーションガクブ,メディアコミュニケーションガクブ
メディア造形学部,*,*,2000,名詞,名詞,一般,*,*,*,メディア造形学部,メディアゾウケイガクブ,メディアゾウケイガクブ
メディアプロデュース学部,*,*,2000,名詞,名詞,一般,*,*,*,メディアプロデュース学部,メディアプロデュースガクブ,メディアプロデュースガクブ
薬学部,*,*,2000,名詞,名詞,一般,*,*,*,薬学部,ヤクガクブ,ヤクガクブ
ライフデザイン学部,*,*,2000,名詞,名詞,一般,*,*,*,ライフデザイン学部,ライフデザインガクブ,ライフデザインガクブ
酪農学部,*,*,2000,名詞,名詞,一般,*,*,*,酪農学部,ラクノウガクブ,ラクノウガクブ
理学部,*,*,2000,名詞,名詞,一般,*,*,*,理学部,リガクブ,リガクブ
理工学部,*,*,2000,名詞,名詞,一般,*,*,*,理工学部,リコウガクブ,リコウガクブ
リハビリテーション科学部,*,*,2000,名詞,名詞,一般,*,*,*,リハビリテーション科学部,リハビリテーションカガクブ,リハビリテーションカガクブ
リハビリテーション学部,*,*,2000,名詞,名詞,一般,*,*,*,リハビリテーション学部,リハビリテーションガクブ,リハビリテーションガクブ
リベラルアーツ学部,*,*,2000,名詞,名詞,一般,*,*,*,リベラルアーツ学部,リベラルアーツガクブ,リベラルアーツガクブ
流通科学部,*,*,2000,名詞,名詞,一般,*,*,*,流通科学部,リュウツウカガクブ,リュウツウカガクブ
流通学部,*,*,2000,名詞,名詞,一般,*,*,*,流通学部,リュウツウガクブ,リュウツウガクブ
流通情報学部,*,*,2000,名詞,名詞,一般,*,*,*,流通情報学部,リュウツウジョウホウガクブ,リュウツウジョウホウガクブ
臨床教育学部,*,*,2000,名詞,名詞,一般,*,*,*,臨床教育学部,リンショウキョウイクガクブ,リンショウキョウイクガクブ
臨床心理学部,*,*,2000,名詞,名詞,一般,*,*,*,臨床心理学部,リンショウシンリガクブ,リンショウシンリガクブ
歴史学部,*,*,2000,名詞,名詞,一般,*,*,*,歴史学部,レキシガクブ,レキシガクブ
ロボティクス&デザイン工学部,*,*,2000,名詞,名詞,一般,*,*,*,ロボティクス&デザイン工学部,ロボティクス&デザインコウガクブ,ロボティクス&デザインコウガクブ
和歌山看護学部,*,*,2000,名詞,名詞,一般,*,*,*,和歌山看護学部,ワカヤマカンゴガクブ,ワカヤマカンゴガクブ
